model,architecture,dropout,lr,node_features,edge_features,train_mse,test_mse
GAT,"(32, 16)",0.3,0.01,keywords,crew,323.2353515625,324.225341796875
GAT,"(32, 16)",0.3,0.01,keywords,crew,320.0743103027344,321.09539794921875
GAT,"(32, 16)",0.3,0.01,keywords,crew,316.9041442871094,317.9323425292969
GAT,"(32, 16)",0.3,0.01,keywords,crew,313.7586975097656,314.8294677734375
GAT,"(32, 16)",0.3,0.01,keywords,crew,310.698486328125,311.7210693359375
GAT,"(32, 16)",0.3,0.01,keywords,crew,307.60284423828125,308.61358642578125
GAT,"(32, 16)",0.3,0.01,keywords,crew,304.4888610839844,305.5229187011719
GAT,"(32, 16)",0.3,0.01,keywords,crew,301.4451599121094,302.5428466796875
GAT,"(32, 16)",0.3,0.01,keywords,crew,298.4185791015625,299.34033203125
GAT,"(32, 16)",0.3,0.01,keywords,crew,295.3654479980469,296.36370849609375
GAT,"(32, 16)",0.3,0.01,keywords,crew,292.3503723144531,293.254638671875
GAT,"(32, 16)",0.3,0.01,keywords,crew,289.303955078125,290.26318359375
GAT,"(32, 16)",0.3,0.01,keywords,crew,286.4399719238281,287.38690185546875
GAT,"(32, 16)",0.3,0.01,keywords,crew,283.45703125,284.44384765625
GAT,"(32, 16)",0.3,0.01,keywords,crew,280.41290283203125,281.50189208984375
GAT,"(32, 16)",0.3,0.01,keywords,crew,277.617431640625,278.6593933105469
GAT,"(32, 16)",0.3,0.01,keywords,crew,274.6219177246094,275.60418701171875
GAT,"(32, 16)",0.3,0.01,keywords,crew,271.724853515625,272.81353759765625
GAT,"(32, 16)",0.3,0.01,keywords,crew,268.93365478515625,269.9194030761719
GAT,"(32, 16)",0.3,0.01,keywords,crew,266.19061279296875,267.2362060546875
GAT,"(32, 16)",0.3,0.01,keywords,crew,263.39447021484375,264.25347900390625
GAT,"(32, 16)",0.3,0.01,keywords,crew,260.3713073730469,261.43914794921875
GAT,"(32, 16)",0.3,0.01,keywords,crew,257.8173522949219,258.95318603515625
GAT,"(32, 16)",0.3,0.01,keywords,crew,254.8906707763672,255.96163940429688
GAT,"(32, 16)",0.3,0.01,keywords,crew,252.10064697265625,253.1793975830078
GAT,"(32, 16)",0.3,0.01,keywords,crew,249.6152801513672,250.50628662109375
GAT,"(32, 16)",0.3,0.01,keywords,crew,246.71865844726562,247.81907653808594
GAT,"(32, 16)",0.3,0.01,keywords,crew,244.0049285888672,244.95196533203125
GAT,"(32, 16)",0.3,0.01,keywords,crew,241.3233642578125,242.59738159179688
GAT,"(32, 16)",0.3,0.01,keywords,crew,238.9326934814453,240.18516540527344
GAT,"(32, 16)",0.3,0.01,keywords,crew,236.48080444335938,237.2745819091797
GAT,"(32, 16)",0.3,0.01,keywords,crew,233.64259338378906,234.70904541015625
GAT,"(32, 16)",0.3,0.01,keywords,crew,230.8481903076172,232.0839385986328
GAT,"(32, 16)",0.3,0.01,keywords,crew,228.20388793945312,229.3800048828125
GAT,"(32, 16)",0.3,0.01,keywords,crew,225.89027404785156,227.10617065429688
GAT,"(32, 16)",0.3,0.01,keywords,crew,223.3699951171875,223.96954345703125
GAT,"(32, 16)",0.3,0.01,keywords,crew,221.08944702148438,222.08056640625
GAT,"(32, 16)",0.3,0.01,keywords,crew,218.7027130126953,219.730712890625
GAT,"(32, 16)",0.3,0.01,keywords,crew,216.15748596191406,217.01290893554688
GAT,"(32, 16)",0.3,0.01,keywords,crew,213.6536865234375,214.52349853515625
GAT,"(32, 16)",0.3,0.01,keywords,crew,210.98683166503906,211.88905334472656
GAT,"(32, 16)",0.3,0.01,keywords,crew,208.75181579589844,209.73277282714844
GAT,"(32, 16)",0.3,0.01,keywords,crew,206.3522491455078,207.55856323242188
GAT,"(32, 16)",0.3,0.01,keywords,crew,204.22683715820312,205.37969970703125
GAT,"(32, 16)",0.3,0.01,keywords,crew,201.89877319335938,203.1452178955078
GAT,"(32, 16)",0.3,0.01,keywords,crew,199.43984985351562,200.42221069335938
GAT,"(32, 16)",0.3,0.01,keywords,crew,197.5409698486328,198.4224395751953
GAT,"(32, 16)",0.3,0.01,keywords,crew,195.324951171875,196.10205078125
GAT,"(32, 16)",0.3,0.01,keywords,crew,192.75238037109375,193.5106964111328
GAT,"(32, 16)",0.3,0.01,keywords,crew,190.35935974121094,191.83604431152344
GAT,"(32, 16)",0.3,0.01,keywords,crew,188.19357299804688,189.26943969726562
GAT,"(32, 16)",0.3,0.01,keywords,crew,186.29345703125,187.27992248535156
GAT,"(32, 16)",0.3,0.01,keywords,crew,183.9408416748047,185.00868225097656
GAT,"(32, 16)",0.3,0.01,keywords,crew,181.97669982910156,183.03648376464844
GAT,"(32, 16)",0.3,0.01,keywords,crew,180.00816345214844,180.54891967773438
GAT,"(32, 16)",0.3,0.01,keywords,crew,177.84095764160156,178.57078552246094
GAT,"(32, 16)",0.3,0.01,keywords,crew,175.3685760498047,176.82955932617188
GAT,"(32, 16)",0.3,0.01,keywords,crew,173.6484375,174.54116821289062
GAT,"(32, 16)",0.3,0.01,keywords,crew,171.64207458496094,172.09820556640625
GAT,"(32, 16)",0.3,0.01,keywords,crew,169.50608825683594,170.3052520751953
GAT,"(32, 16)",0.3,0.01,keywords,crew,167.61183166503906,168.10723876953125
GAT,"(32, 16)",0.3,0.01,keywords,crew,165.49339294433594,166.39208984375
GAT,"(32, 16)",0.3,0.01,keywords,crew,164.02455139160156,164.93405151367188
GAT,"(32, 16)",0.3,0.01,keywords,crew,161.30772399902344,162.640869140625
GAT,"(32, 16)",0.3,0.01,keywords,crew,159.65769958496094,161.06883239746094
GAT,"(32, 16)",0.3,0.01,keywords,crew,157.62106323242188,157.9306640625
GAT,"(32, 16)",0.3,0.01,keywords,crew,155.53424072265625,156.9290008544922
GAT,"(32, 16)",0.3,0.01,keywords,crew,153.96006774902344,155.25473022460938
GAT,"(32, 16)",0.3,0.01,keywords,crew,152.6575469970703,153.2777557373047
GAT,"(32, 16)",0.3,0.01,keywords,crew,150.10382080078125,150.9918212890625
GAT,"(32, 16)",0.3,0.01,keywords,crew,148.215087890625,148.84503173828125
GAT,"(32, 16)",0.3,0.01,keywords,crew,146.44552612304688,147.3710174560547
GAT,"(32, 16)",0.3,0.01,keywords,crew,144.4056396484375,145.5162811279297
GAT,"(32, 16)",0.3,0.01,keywords,crew,143.23297119140625,144.4557647705078
GAT,"(32, 16)",0.3,0.01,keywords,crew,141.2335968017578,142.2304229736328
GAT,"(32, 16)",0.3,0.01,keywords,crew,139.45640563964844,140.47946166992188
GAT,"(32, 16)",0.3,0.01,keywords,crew,137.92237854003906,139.0933837890625
GAT,"(32, 16)",0.3,0.01,keywords,crew,135.97105407714844,136.93051147460938
GAT,"(32, 16)",0.3,0.01,keywords,crew,134.22601318359375,134.67056274414062
GAT,"(32, 16)",0.3,0.01,keywords,crew,133.01211547851562,133.97113037109375
GAT,"(32, 16)",0.3,0.01,keywords,crew,130.90049743652344,131.4434051513672
GAT,"(32, 16)",0.3,0.01,keywords,crew,129.6188507080078,130.08193969726562
GAT,"(32, 16)",0.3,0.01,keywords,crew,128.0919189453125,129.1318359375
GAT,"(32, 16)",0.3,0.01,keywords,crew,126.353271484375,127.03321075439453
GAT,"(32, 16)",0.3,0.01,keywords,crew,124.56703186035156,125.55359649658203
GAT,"(32, 16)",0.3,0.01,keywords,crew,123.3722915649414,123.52338409423828
GAT,"(32, 16)",0.3,0.01,keywords,crew,121.55262756347656,122.20193481445312
GAT,"(32, 16)",0.3,0.01,keywords,crew,120.1257553100586,120.24727630615234
GAT,"(32, 16)",0.3,0.01,keywords,crew,118.67402648925781,118.88662719726562
GAT,"(32, 16)",0.3,0.01,keywords,crew,117.25791931152344,118.67475891113281
GAT,"(32, 16)",0.3,0.01,keywords,crew,114.81484985351562,116.52306365966797
GAT,"(32, 16)",0.3,0.01,keywords,crew,114.17589569091797,114.57225799560547
GAT,"(32, 16)",0.3,0.01,keywords,crew,112.53297424316406,113.35020446777344
GAT,"(32, 16)",0.3,0.01,keywords,crew,110.9375228881836,111.41364288330078
GAT,"(32, 16)",0.3,0.01,keywords,crew,109.63812255859375,110.58456420898438
GAT,"(32, 16)",0.3,0.01,keywords,crew,108.50959014892578,109.17391204833984
GAT,"(32, 16)",0.3,0.01,keywords,crew,107.14173126220703,108.13579559326172
GAT,"(32, 16)",0.3,0.01,keywords,crew,105.73048400878906,106.86888885498047
GAT,"(32, 16)",0.3,0.01,keywords,crew,104.36724853515625,105.17513275146484
GAT,"(32, 16)",0.3,0.01,keywords,crew,102.53963470458984,103.55733489990234
GAT,"(32, 16)",0.3,0.01,keywords,crew,101.11865234375,101.93806457519531
GAT,"(32, 16)",0.3,0.01,keywords,crew,100.31871795654297,100.99514770507812
GAT,"(32, 16)",0.3,0.01,keywords,crew,98.84645080566406,99.19283294677734
GAT,"(32, 16)",0.3,0.01,keywords,crew,97.367919921875,98.29930877685547
GAT,"(32, 16)",0.3,0.01,keywords,crew,96.38209533691406,97.10851287841797
GAT,"(32, 16)",0.3,0.01,keywords,crew,95.30131530761719,95.71990966796875
GAT,"(32, 16)",0.3,0.01,keywords,crew,93.31901550292969,95.0589599609375
GAT,"(32, 16)",0.3,0.01,keywords,crew,92.44145965576172,92.78297424316406
GAT,"(32, 16)",0.3,0.01,keywords,crew,91.30876159667969,91.87187194824219
GAT,"(32, 16)",0.3,0.01,keywords,crew,89.50457000732422,91.21578216552734
GAT,"(32, 16)",0.3,0.01,keywords,crew,89.13096618652344,89.95466613769531
GAT,"(32, 16)",0.3,0.01,keywords,crew,87.3365478515625,88.47735595703125
GAT,"(32, 16)",0.3,0.01,keywords,crew,86.36384582519531,87.51538848876953
GAT,"(32, 16)",0.3,0.01,keywords,crew,85.58417510986328,85.61649322509766
GAT,"(32, 16)",0.3,0.01,keywords,crew,84.38935852050781,84.67782592773438
GAT,"(32, 16)",0.3,0.01,keywords,crew,82.41433715820312,83.37429809570312
GAT,"(32, 16)",0.3,0.01,keywords,crew,82.19181823730469,82.70716094970703
GAT,"(32, 16)",0.3,0.01,keywords,crew,80.7993392944336,81.72513580322266
GAT,"(32, 16)",0.3,0.01,keywords,crew,79.29058074951172,80.37654113769531
GAT,"(32, 16)",0.3,0.01,keywords,crew,78.66374206542969,79.51612854003906
GAT,"(32, 16)",0.3,0.01,keywords,crew,77.8349838256836,78.62074279785156
GAT,"(32, 16)",0.3,0.01,keywords,crew,76.50685119628906,76.92535400390625
GAT,"(32, 16)",0.3,0.01,keywords,crew,75.43533325195312,75.8678970336914
GAT,"(32, 16)",0.3,0.01,keywords,crew,74.35435485839844,74.41545867919922
GAT,"(32, 16)",0.3,0.01,keywords,crew,72.8996353149414,74.0206069946289
GAT,"(32, 16)",0.3,0.01,keywords,crew,71.82170104980469,72.74444580078125
GAT,"(32, 16)",0.3,0.01,keywords,crew,71.77229309082031,72.19140625
GAT,"(32, 16)",0.3,0.01,keywords,crew,70.89033508300781,71.57964324951172
GAT,"(32, 16)",0.3,0.01,keywords,crew,69.3836669921875,69.79056549072266
GAT,"(32, 16)",0.3,0.01,keywords,crew,68.0082015991211,68.97608947753906
GAT,"(32, 16)",0.3,0.01,keywords,crew,67.59406280517578,67.78649139404297
GAT,"(32, 16)",0.3,0.01,keywords,crew,66.47024536132812,67.07669830322266
GAT,"(32, 16)",0.3,0.01,keywords,crew,65.47053527832031,65.83271789550781
GAT,"(32, 16)",0.3,0.01,keywords,crew,65.18277740478516,65.17292785644531
GAT,"(32, 16)",0.3,0.01,keywords,crew,64.24414825439453,64.96240997314453
GAT,"(32, 16)",0.3,0.01,keywords,crew,62.89767074584961,64.61241912841797
GAT,"(32, 16)",0.3,0.01,keywords,crew,62.482391357421875,62.3414421081543
GAT,"(32, 16)",0.3,0.01,keywords,crew,61.13506317138672,62.327667236328125
GAT,"(32, 16)",0.3,0.01,keywords,crew,60.27238082885742,60.723167419433594
GAT,"(32, 16)",0.3,0.01,keywords,crew,59.7930908203125,60.52048873901367
GAT,"(32, 16)",0.3,0.01,keywords,crew,59.068687438964844,59.160274505615234
GAT,"(32, 16)",0.3,0.01,keywords,crew,57.65822219848633,58.412864685058594
GAT,"(32, 16)",0.3,0.01,keywords,crew,56.652442932128906,58.14052963256836
GAT,"(32, 16)",0.3,0.01,keywords,crew,56.46371841430664,56.880653381347656
GAT,"(32, 16)",0.3,0.01,keywords,crew,55.28744888305664,55.63499069213867
GAT,"(32, 16)",0.3,0.01,keywords,crew,55.1564826965332,55.33873748779297
GAT,"(32, 16)",0.3,0.01,keywords,crew,53.86710739135742,54.700599670410156
GAT,"(32, 16)",0.3,0.01,keywords,crew,53.215694427490234,53.49578094482422
GAT,"(32, 16)",0.3,0.01,keywords,crew,52.35478591918945,53.15229797363281
GAT,"(32, 16)",0.3,0.01,keywords,crew,51.87832260131836,52.314632415771484
GAT,"(32, 16)",0.3,0.01,keywords,crew,50.7605094909668,51.402652740478516
GAT,"(32, 16)",0.3,0.01,keywords,crew,50.460792541503906,51.17702102661133
GAT,"(32, 16)",0.3,0.01,keywords,crew,48.96953582763672,50.55598831176758
GAT,"(32, 16)",0.3,0.01,keywords,crew,48.96349334716797,49.28988265991211
GAT,"(32, 16)",0.3,0.01,keywords,crew,47.761085510253906,48.752197265625
GAT,"(32, 16)",0.3,0.01,keywords,crew,47.01478576660156,48.17035675048828
GAT,"(32, 16)",0.3,0.01,keywords,crew,46.640411376953125,47.222084045410156
GAT,"(32, 16)",0.3,0.01,keywords,crew,45.558624267578125,46.07666778564453
GAT,"(32, 16)",0.3,0.01,keywords,crew,45.28981399536133,45.521366119384766
GAT,"(32, 16)",0.3,0.01,keywords,crew,44.577110290527344,44.85163879394531
GAT,"(32, 16)",0.3,0.01,keywords,crew,43.94691467285156,44.68549728393555
GAT,"(32, 16)",0.3,0.01,keywords,crew,43.317596435546875,43.571067810058594
GAT,"(32, 16)",0.3,0.01,keywords,crew,42.720970153808594,42.96967315673828
GAT,"(32, 16)",0.3,0.01,keywords,crew,42.64101791381836,42.722862243652344
GAT,"(32, 16)",0.3,0.01,keywords,crew,41.68104553222656,41.72053909301758
GAT,"(32, 16)",0.3,0.01,keywords,crew,40.627227783203125,41.83232498168945
GAT,"(32, 16)",0.3,0.01,keywords,crew,40.00257110595703,40.415496826171875
GAT,"(32, 16)",0.3,0.01,keywords,crew,39.98135757446289,40.108642578125
GAT,"(32, 16)",0.3,0.01,keywords,crew,38.969093322753906,39.87403106689453
GAT,"(32, 16)",0.3,0.01,keywords,crew,38.28101348876953,38.5034065246582
GAT,"(32, 16)",0.3,0.01,keywords,crew,38.070640563964844,38.32737731933594
GAT,"(32, 16)",0.3,0.01,keywords,crew,37.24626159667969,37.34770202636719
GAT,"(32, 16)",0.3,0.01,keywords,crew,36.955135345458984,37.45282745361328
GAT,"(32, 16)",0.3,0.01,keywords,crew,35.75104522705078,36.73606491088867
GAT,"(32, 16)",0.3,0.01,keywords,crew,35.837894439697266,36.19370651245117
GAT,"(32, 16)",0.3,0.01,keywords,crew,35.095680236816406,35.83562088012695
GAT,"(32, 16)",0.3,0.01,keywords,crew,34.9261589050293,35.56273651123047
GAT,"(32, 16)",0.3,0.01,keywords,crew,34.14980697631836,35.22066116333008
GAT,"(32, 16)",0.3,0.01,keywords,crew,33.25674057006836,33.6557731628418
GAT,"(32, 16)",0.3,0.01,keywords,crew,32.9285774230957,33.29280090332031
GAT,"(32, 16)",0.3,0.01,keywords,crew,32.79576873779297,33.59929656982422
GAT,"(32, 16)",0.3,0.01,keywords,crew,31.96611785888672,32.802223205566406
GAT,"(32, 16)",0.3,0.01,keywords,crew,31.814027786254883,31.618425369262695
GAT,"(32, 16)",0.3,0.01,keywords,crew,31.033838272094727,31.534427642822266
GAT,"(32, 16)",0.3,0.01,keywords,crew,30.560354232788086,30.90472984313965
GAT,"(32, 16)",0.3,0.01,keywords,crew,30.54228401184082,30.81112289428711
GAT,"(32, 16)",0.3,0.01,keywords,crew,29.65696907043457,29.7818660736084
GAT,"(32, 16)",0.3,0.01,keywords,crew,29.452486038208008,30.230003356933594
GAT,"(32, 16)",0.3,0.01,keywords,crew,28.91838836669922,29.417083740234375
GAT,"(32, 16)",0.3,0.01,keywords,crew,28.580265045166016,28.386680603027344
GAT,"(32, 16)",0.3,0.01,keywords,crew,27.95712661743164,28.72808837890625
GAT,"(32, 16)",0.3,0.01,keywords,crew,27.589473724365234,27.751083374023438
GAT,"(32, 16)",0.3,0.01,keywords,crew,27.04009437561035,27.596725463867188
GAT,"(32, 16)",0.3,0.01,keywords,crew,26.586811065673828,26.94643211364746
GAT,"(32, 16)",0.3,0.01,keywords,crew,26.433774948120117,26.511783599853516
GAT,"(32, 16)",0.3,0.01,keywords,crew,25.920421600341797,26.369464874267578
GAT,"(32, 16)",0.3,0.01,keywords,crew,25.815717697143555,25.859363555908203
GAT,"(32, 16)",0.3,0.01,keywords,crew,25.059852600097656,25.867128372192383
GAT,"(32, 16)",0.3,0.01,keywords,crew,25.015764236450195,24.611661911010742
GAT,"(32, 16)",0.3,0.01,keywords,crew,24.322446823120117,24.73133087158203
GAT,"(32, 16)",0.3,0.01,keywords,crew,24.196552276611328,24.150402069091797
GAT,"(32, 16)",0.3,0.01,keywords,crew,23.74077033996582,24.009733200073242
GAT,"(32, 16)",0.3,0.01,keywords,crew,23.471263885498047,24.224382400512695
GAT,"(32, 16)",0.3,0.01,keywords,crew,23.349990844726562,22.967958450317383
GAT,"(32, 16)",0.3,0.01,keywords,crew,22.638010025024414,22.529888153076172
GAT,"(32, 16)",0.3,0.01,keywords,crew,22.541837692260742,22.46260643005371
GAT,"(32, 16)",0.3,0.01,keywords,crew,22.04488754272461,22.208045959472656
GAT,"(32, 16)",0.3,0.01,keywords,crew,21.611053466796875,22.004451751708984
GAT,"(32, 16)",0.3,0.01,keywords,crew,21.26343536376953,21.593814849853516
GAT,"(32, 16)",0.3,0.01,keywords,crew,20.984216690063477,21.278057098388672
GAT,"(32, 16)",0.3,0.01,keywords,crew,20.908119201660156,20.64402198791504
GAT,"(32, 16)",0.3,0.01,keywords,crew,20.275314331054688,20.569467544555664
GAT,"(32, 16)",0.3,0.01,keywords,crew,19.842741012573242,20.02564239501953
GAT,"(32, 16)",0.3,0.01,keywords,crew,19.700422286987305,19.868555068969727
GAT,"(32, 16)",0.3,0.01,keywords,crew,19.207185745239258,19.116783142089844
GAT,"(32, 16)",0.3,0.01,keywords,crew,19.061153411865234,19.352664947509766
GAT,"(32, 16)",0.3,0.01,keywords,crew,18.47486114501953,19.077360153198242
GAT,"(32, 16)",0.3,0.01,keywords,crew,18.78192138671875,19.53407859802246
GAT,"(32, 16)",0.3,0.01,keywords,crew,18.179737091064453,18.518245697021484
GAT,"(32, 16)",0.3,0.01,keywords,crew,17.85678482055664,18.06159782409668
GAT,"(32, 16)",0.3,0.01,keywords,crew,17.722707748413086,17.667224884033203
GAT,"(32, 16)",0.3,0.01,keywords,crew,17.510513305664062,17.476760864257812
GAT,"(32, 16)",0.3,0.01,keywords,crew,16.650766372680664,17.31801986694336
GAT,"(32, 16)",0.3,0.01,keywords,crew,16.672147750854492,16.837200164794922
GAT,"(32, 16)",0.3,0.01,keywords,crew,16.69046974182129,16.876331329345703
GAT,"(32, 16)",0.3,0.01,keywords,crew,16.227542877197266,16.992023468017578
GAT,"(32, 16)",0.3,0.01,keywords,crew,16.375701904296875,16.511240005493164
GAT,"(32, 16)",0.3,0.01,keywords,crew,15.8050537109375,16.43793296813965
GAT,"(32, 16)",0.3,0.01,keywords,crew,15.630173683166504,16.018966674804688
GAT,"(32, 16)",0.3,0.01,keywords,crew,15.503762245178223,15.617347717285156
GAT,"(32, 16)",0.3,0.01,keywords,crew,15.281628608703613,15.287108421325684
GAT,"(32, 16)",0.3,0.01,keywords,crew,14.903288841247559,15.243708610534668
GAT,"(32, 16)",0.3,0.01,keywords,crew,14.827461242675781,14.791911125183105
GAT,"(32, 16)",0.3,0.01,keywords,crew,14.422006607055664,15.034595489501953
GAT,"(32, 16)",0.3,0.01,keywords,crew,14.17162799835205,14.858701705932617
GAT,"(32, 16)",0.3,0.01,keywords,crew,14.077921867370605,14.011770248413086
GAT,"(32, 16)",0.3,0.01,keywords,crew,14.104070663452148,13.84081745147705
GAT,"(32, 16)",0.3,0.01,keywords,crew,13.714385032653809,13.916709899902344
GAT,"(32, 16)",0.3,0.01,keywords,crew,13.429864883422852,13.6055326461792
GAT,"(32, 16)",0.3,0.01,keywords,crew,13.458348274230957,13.418790817260742
GAT,"(32, 16)",0.3,0.01,keywords,crew,13.041308403015137,13.242860794067383
GAT,"(32, 16)",0.3,0.01,keywords,crew,12.373763084411621,12.835734367370605
GAT,"(32, 16)",0.3,0.01,keywords,crew,12.895295143127441,12.888582229614258
GAT,"(32, 16)",0.3,0.01,keywords,crew,12.508968353271484,12.811123847961426
GAT,"(32, 16)",0.3,0.01,keywords,crew,12.55712890625,12.331001281738281
GAT,"(32, 16)",0.3,0.01,keywords,crew,12.162991523742676,12.408907890319824
GAT,"(32, 16)",0.3,0.01,keywords,crew,11.959342956542969,12.110161781311035
GAT,"(32, 16)",0.3,0.01,keywords,crew,12.108503341674805,11.971895217895508
GAT,"(32, 16)",0.3,0.01,keywords,crew,11.657851219177246,11.703648567199707
GAT,"(32, 16)",0.3,0.01,keywords,crew,11.586470603942871,11.627182960510254
GAT,"(32, 16)",0.3,0.01,keywords,crew,11.283642768859863,11.422141075134277
GAT,"(32, 16)",0.3,0.01,keywords,crew,11.378684043884277,11.195257186889648
GAT,"(32, 16)",0.3,0.01,keywords,crew,11.235053062438965,10.874226570129395
GAT,"(32, 16)",0.3,0.01,keywords,crew,10.909016609191895,10.709150314331055
GAT,"(32, 16)",0.3,0.01,keywords,crew,11.003439903259277,10.27214241027832
GAT,"(32, 16)",0.3,0.01,keywords,crew,10.585332870483398,10.178864479064941
GAT,"(32, 16)",0.3,0.01,keywords,crew,10.584924697875977,10.631699562072754
GAT,"(32, 16)",0.3,0.01,keywords,crew,10.273695945739746,10.292646408081055
GAT,"(32, 16)",0.3,0.01,keywords,crew,10.258622169494629,10.48825740814209
GAT,"(32, 16)",0.3,0.01,keywords,crew,9.909137725830078,10.08172607421875
GAT,"(32, 16)",0.3,0.01,keywords,crew,9.71639347076416,10.099352836608887
GAT,"(32, 16)",0.3,0.01,keywords,crew,9.530963897705078,9.760820388793945
GAT,"(32, 16)",0.3,0.01,keywords,crew,9.706238746643066,9.186650276184082
GAT,"(32, 16)",0.3,0.01,keywords,crew,9.332816123962402,9.069838523864746
GAT,"(32, 16)",0.3,0.01,keywords,crew,9.250765800476074,9.3113374710083
GAT,"(32, 16)",0.3,0.01,keywords,crew,9.50960636138916,9.069579124450684
GAT,"(32, 16)",0.3,0.01,keywords,crew,8.920259475708008,9.307404518127441
GAT,"(32, 16)",0.3,0.01,keywords,crew,8.87339973449707,8.961719512939453
GAT,"(32, 16)",0.3,0.01,keywords,crew,9.065444946289062,9.123287200927734
GAT,"(32, 16)",0.3,0.01,keywords,crew,8.61242389678955,8.752397537231445
GAT,"(32, 16)",0.3,0.01,keywords,crew,8.614080429077148,8.726508140563965
GAT,"(32, 16)",0.3,0.01,keywords,crew,8.315075874328613,8.083830833435059
GAT,"(32, 16)",0.3,0.01,keywords,crew,8.103403091430664,8.21533203125
GAT,"(32, 16)",0.3,0.01,keywords,crew,8.375505447387695,8.53150749206543
GAT,"(32, 16)",0.3,0.01,keywords,crew,8.141021728515625,8.146063804626465
GAT,"(32, 16)",0.3,0.01,keywords,crew,7.959863185882568,7.67793083190918
GAT,"(32, 16)",0.3,0.01,keywords,crew,7.794785976409912,8.160425186157227
GAT,"(32, 16)",0.3,0.01,keywords,crew,7.7425665855407715,7.3776936531066895
GAT,"(32, 16)",0.3,0.01,keywords,crew,7.489562034606934,7.6431379318237305
GAT,"(32, 16)",0.3,0.01,keywords,crew,7.673914909362793,7.614779949188232
GAT,"(32, 16)",0.3,0.01,keywords,crew,7.329532146453857,7.26602840423584
GAT,"(32, 16)",0.3,0.01,keywords,crew,7.306950569152832,7.183625221252441
GAT,"(32, 16)",0.3,0.01,keywords,crew,7.269373893737793,7.165507793426514
GAT,"(32, 16)",0.3,0.01,keywords,crew,7.090054512023926,7.195082187652588
GAT,"(32, 16)",0.3,0.01,keywords,crew,7.262612342834473,7.212179183959961
GAT,"(32, 16)",0.3,0.01,keywords,crew,6.90737771987915,6.816573619842529
GAT,"(32, 16)",0.3,0.01,keywords,crew,6.952917575836182,6.647120952606201
GAT,"(32, 16)",0.3,0.01,keywords,crew,6.87807035446167,6.694548606872559
GAT,"(32, 16)",0.3,0.01,keywords,crew,6.575603008270264,6.540710926055908
GAT,"(32, 16)",0.3,0.01,keywords,crew,6.507896423339844,6.650498390197754
GAT,"(32, 16)",0.3,0.01,keywords,crew,6.414062976837158,7.006797790527344
GAT,"(32, 16)",0.3,0.01,keywords,crew,6.51158332824707,6.6750898361206055
GAT,"(32, 16)",0.3,0.01,keywords,crew,6.589968204498291,6.371595859527588
GAT,"(32, 16)",0.3,0.01,keywords,crew,6.305840969085693,5.818937301635742
GAT,"(32, 16)",0.3,0.01,keywords,crew,6.343380451202393,6.111249923706055
GAT,"(32, 16)",0.3,0.01,keywords,crew,6.447527885437012,5.97483491897583
GAT,"(32, 16)",0.3,0.01,keywords,crew,5.960872173309326,5.898894786834717
GAT,"(32, 16)",0.3,0.01,keywords,crew,5.999078273773193,6.116488933563232
GAT,"(32, 16)",0.3,0.01,keywords,crew,5.997573375701904,5.7695536613464355
GAT,"(32, 16)",0.3,0.01,keywords,crew,5.864467144012451,5.844648361206055
GAT,"(32, 16)",0.3,0.01,keywords,crew,6.079554080963135,5.821280002593994
GAT,"(32, 16)",0.3,0.01,keywords,crew,5.711296558380127,5.55340576171875
GAT,"(32, 16)",0.3,0.01,keywords,crew,5.636343955993652,5.804834842681885
GAT,"(32, 16)",0.3,0.01,keywords,crew,5.646790504455566,5.671522617340088
GAT,"(32, 16)",0.3,0.01,keywords,crew,5.586484909057617,5.549488544464111
GAT,"(32, 16)",0.3,0.01,keywords,crew,5.639991283416748,5.269565105438232
GAT,"(32, 16)",0.3,0.01,keywords,crew,5.409553527832031,5.382246971130371
GAT,"(32, 16)",0.3,0.01,keywords,crew,5.260806560516357,5.1862006187438965
GAT,"(32, 16)",0.3,0.01,keywords,crew,5.279283046722412,5.3404741287231445
GAT,"(32, 16)",0.3,0.01,keywords,crew,5.4190168380737305,5.176464080810547
GAT,"(32, 16)",0.3,0.01,keywords,crew,5.213388442993164,4.929439067840576
GAT,"(32, 16)",0.3,0.01,keywords,crew,5.3119072914123535,4.819694519042969
GAT,"(32, 16)",0.3,0.01,keywords,crew,4.955647945404053,5.093748569488525
GAT,"(32, 16)",0.3,0.01,keywords,crew,5.140530586242676,4.96429967880249
GAT,"(32, 16)",0.3,0.01,keywords,crew,4.906794548034668,4.726851940155029
GAT,"(32, 16)",0.3,0.01,keywords,crew,4.851167678833008,4.642159938812256
GAT,"(32, 16)",0.3,0.01,keywords,crew,5.069268703460693,4.655373573303223
GAT,"(32, 16)",0.3,0.01,keywords,crew,4.8166422843933105,4.577281951904297
GAT,"(32, 16)",0.3,0.01,keywords,crew,4.889163970947266,4.728407859802246
GAT,"(32, 16)",0.3,0.01,keywords,crew,4.4856133460998535,4.72571325302124
GAT,"(32, 16)",0.3,0.01,keywords,crew,4.596136569976807,4.461823463439941
GAT,"(32, 16)",0.3,0.01,keywords,crew,4.646780490875244,4.5904412269592285
GAT,"(32, 16)",0.3,0.01,keywords,crew,4.467852592468262,4.667848110198975
GAT,"(32, 16)",0.3,0.01,keywords,crew,4.683798789978027,4.555787563323975
GAT,"(32, 16)",0.3,0.01,keywords,crew,4.498590469360352,4.479300022125244
GAT,"(32, 16)",0.3,0.01,keywords,crew,4.65521240234375,4.262213230133057
GAT,"(32, 16)",0.3,0.01,keywords,crew,4.430749893188477,4.829659461975098
GAT,"(32, 16)",0.3,0.01,keywords,crew,4.622428894042969,4.287163734436035
GAT,"(32, 16)",0.3,0.01,keywords,crew,4.354756832122803,4.6103973388671875
GAT,"(32, 16)",0.3,0.01,keywords,crew,4.4022417068481445,4.281335830688477
GAT,"(32, 16)",0.3,0.01,keywords,crew,4.381831645965576,4.0337605476379395
GAT,"(32, 16)",0.3,0.01,keywords,crew,4.22229528427124,4.102432727813721
GAT,"(32, 16)",0.3,0.01,keywords,crew,4.24461030960083,3.8400940895080566
GAT,"(32, 16)",0.3,0.01,keywords,crew,4.135498046875,3.8956315517425537
GAT,"(32, 16)",0.3,0.01,keywords,crew,4.017839431762695,4.042110919952393
GAT,"(32, 16)",0.3,0.01,keywords,crew,4.1047210693359375,4.313919544219971
GAT,"(32, 16)",0.3,0.01,keywords,crew,3.9183671474456787,3.778825044631958
GAT,"(32, 16)",0.3,0.01,keywords,crew,4.0593061447143555,3.7946770191192627
GAT,"(32, 16)",0.3,0.01,keywords,crew,4.019711971282959,4.124706268310547
GAT,"(32, 16)",0.3,0.01,keywords,crew,3.8430607318878174,3.7604384422302246
GAT,"(32, 16)",0.3,0.01,keywords,crew,3.9427173137664795,4.1690754890441895
GAT,"(32, 16)",0.3,0.01,keywords,crew,3.923245429992676,3.9279332160949707
GAT,"(32, 16)",0.3,0.01,keywords,crew,4.093710422515869,3.8806376457214355
GAT,"(32, 16)",0.3,0.01,keywords,crew,3.7352921962738037,3.606940746307373
GAT,"(32, 16)",0.3,0.01,keywords,crew,3.719011068344116,3.328064441680908
GAT,"(32, 16)",0.3,0.01,keywords,crew,3.95334792137146,3.46026349067688
GAT,"(32, 16)",0.3,0.01,keywords,crew,3.7093818187713623,3.2917368412017822
GAT,"(32, 16)",0.3,0.01,keywords,crew,3.6703262329101562,3.6052770614624023
GAT,"(32, 16)",0.3,0.01,keywords,crew,3.838923692703247,3.6048567295074463
GAT,"(32, 16)",0.3,0.01,keywords,crew,3.6167101860046387,3.7978241443634033
GAT,"(32, 16)",0.3,0.01,keywords,crew,3.635582208633423,3.4877445697784424
GAT,"(32, 16)",0.3,0.01,keywords,crew,3.7049529552459717,3.405226469039917
GAT,"(32, 16)",0.3,0.01,keywords,crew,3.769805908203125,3.4673075675964355
GAT,"(32, 16)",0.3,0.01,keywords,crew,3.6064186096191406,3.6000218391418457
GAT,"(32, 16)",0.3,0.01,keywords,crew,3.5549330711364746,3.387955904006958
GAT,"(32, 16)",0.3,0.01,keywords,crew,3.4946835041046143,3.704930067062378
GAT,"(32, 16)",0.3,0.01,keywords,crew,3.4935836791992188,3.3829102516174316
GAT,"(32, 16)",0.3,0.01,keywords,crew,3.5929009914398193,3.1830050945281982
GAT,"(32, 16)",0.3,0.01,keywords,crew,3.5593314170837402,3.505324602127075
GAT,"(32, 16)",0.3,0.01,keywords,crew,3.5352895259857178,3.188999891281128
GAT,"(32, 16)",0.3,0.01,keywords,crew,3.4537105560302734,2.9787604808807373
GAT,"(32, 16)",0.3,0.01,keywords,crew,3.513035297393799,3.3631057739257812
GAT,"(32, 16)",0.3,0.01,keywords,crew,3.534463405609131,3.5371756553649902
GAT,"(32, 16)",0.3,0.01,keywords,crew,3.4155473709106445,3.101879358291626
GAT,"(32, 16)",0.3,0.01,keywords,crew,3.444103956222534,3.387779712677002
GAT,"(32, 16)",0.3,0.01,keywords,crew,3.488151788711548,3.1025967597961426
GAT,"(32, 16)",0.3,0.01,keywords,crew,3.3395957946777344,3.149245500564575
GAT,"(32, 16)",0.3,0.01,keywords,crew,3.604400157928467,2.9568159580230713
GAT,"(32, 16)",0.3,0.01,keywords,crew,3.4400322437286377,2.991502046585083
GAT,"(32, 16)",0.3,0.01,keywords,crew,3.10160756111145,3.283147096633911
GAT,"(32, 16)",0.3,0.01,keywords,crew,3.189042568206787,2.9992454051971436
GAT,"(32, 16)",0.3,0.01,keywords,crew,3.342329502105713,3.0317680835723877
GAT,"(32, 16)",0.3,0.01,keywords,crew,3.254037380218506,2.8380846977233887
GAT,"(32, 16)",0.3,0.01,keywords,crew,3.181675434112549,2.956165075302124
GAT,"(32, 16)",0.3,0.01,keywords,crew,3.242095947265625,3.079350709915161
GAT,"(32, 16)",0.3,0.01,keywords,crew,3.456946849822998,3.2231853008270264
GAT,"(32, 16)",0.3,0.01,keywords,crew,3.265916109085083,3.2065343856811523
GAT,"(32, 16)",0.3,0.01,keywords,crew,3.1149473190307617,3.0919151306152344
GAT,"(32, 16)",0.3,0.01,keywords,crew,3.282891273498535,3.126864194869995
GAT,"(32, 16)",0.3,0.01,keywords,crew,3.444136619567871,3.0477027893066406
GAT,"(32, 16)",0.3,0.01,keywords,crew,3.1869800090789795,3.0228421688079834
GAT,"(32, 16)",0.3,0.01,keywords,crew,3.256690740585327,2.7793869972229004
GAT,"(32, 16)",0.3,0.01,keywords,crew,3.149599075317383,3.014831304550171
GAT,"(32, 16)",0.3,0.01,keywords,crew,3.1590428352355957,3.065864324569702
GAT,"(32, 16)",0.3,0.01,keywords,crew,3.172339677810669,2.9608747959136963
GAT,"(32, 16)",0.3,0.01,keywords,crew,3.1349761486053467,2.8826022148132324
GAT,"(32, 16)",0.3,0.01,keywords,crew,3.1681172847747803,2.7281734943389893
GAT,"(32, 16)",0.3,0.01,keywords,crew,3.0535075664520264,2.965772867202759
GAT,"(32, 16)",0.3,0.01,keywords,crew,2.912043571472168,2.3947336673736572
GAT,"(32, 16)",0.3,0.01,keywords,crew,3.1877079010009766,2.7860724925994873
GAT,"(32, 16)",0.3,0.01,keywords,crew,3.007429599761963,2.8976540565490723
GAT,"(32, 16)",0.3,0.01,keywords,crew,2.907942771911621,2.8067617416381836
GAT,"(32, 16)",0.3,0.01,keywords,crew,2.896641254425049,2.799802303314209
GAT,"(32, 16)",0.3,0.01,keywords,crew,2.865208625793457,2.6277987957000732
GAT,"(32, 16)",0.3,0.01,keywords,crew,2.9807140827178955,2.966967821121216
GAT,"(32, 16)",0.3,0.01,keywords,crew,2.9274773597717285,2.896650791168213
GAT,"(32, 16)",0.3,0.01,keywords,crew,2.9180922508239746,2.648984909057617
GAT,"(32, 16)",0.3,0.01,keywords,crew,2.9834980964660645,2.5619421005249023
GAT,"(32, 16)",0.3,0.01,keywords,crew,2.922468423843384,2.822880744934082
GAT,"(32, 16)",0.3,0.01,keywords,crew,2.999643564224243,2.518552303314209
GAT,"(32, 16)",0.3,0.01,keywords,crew,2.673701763153076,2.5917532444000244
GAT,"(32, 16)",0.3,0.01,keywords,crew,2.8236098289489746,2.675168991088867
GAT,"(32, 16)",0.3,0.01,keywords,crew,2.8678064346313477,2.9946017265319824
GAT,"(32, 16)",0.3,0.01,keywords,crew,3.043682336807251,2.6200554370880127
GAT,"(32, 16)",0.3,0.01,keywords,crew,2.823802947998047,2.9142560958862305
GAT,"(32, 16)",0.3,0.01,keywords,crew,2.9070847034454346,2.7487196922302246
GAT,"(32, 16)",0.3,0.01,keywords,crew,2.764277935028076,2.9288203716278076
GAT,"(32, 16)",0.3,0.01,keywords,crew,2.9807279109954834,2.406141519546509
GAT,"(32, 16)",0.3,0.01,keywords,crew,2.9100022315979004,2.5634617805480957
GAT,"(32, 16)",0.3,0.01,keywords,crew,2.8289990425109863,2.7564053535461426
GAT,"(32, 16)",0.3,0.01,keywords,crew,2.6704015731811523,2.641309976577759
GAT,"(32, 16)",0.3,0.01,keywords,crew,2.694744348526001,2.320805072784424
GAT,"(32, 16)",0.3,0.01,keywords,crew,2.76542592048645,2.970492124557495
GAT,"(32, 16)",0.3,0.01,keywords,crew,2.8359146118164062,2.8340930938720703
GAT,"(32, 16)",0.3,0.01,keywords,crew,2.7742116451263428,2.2901368141174316
GAT,"(32, 16)",0.3,0.01,keywords,crew,2.823263645172119,2.474816083908081
GAT,"(32, 16)",0.3,0.01,keywords,crew,2.705375909805298,2.5520191192626953
GAT,"(32, 16)",0.3,0.01,keywords,crew,2.5466809272766113,2.7113420963287354
GAT,"(32, 16)",0.3,0.01,keywords,crew,2.7901580333709717,2.5851829051971436
GAT,"(32, 16)",0.3,0.01,keywords,crew,2.86258602142334,2.413451671600342
GAT,"(32, 16)",0.3,0.01,keywords,crew,2.7392027378082275,2.488190174102783
GAT,"(32, 16)",0.3,0.01,keywords,crew,2.7911899089813232,2.5640926361083984
GAT,"(32, 16)",0.3,0.01,keywords,crew,2.7188053131103516,2.540618896484375
GAT,"(32, 16)",0.3,0.01,keywords,crew,2.820992946624756,2.346024990081787
GAT,"(32, 16)",0.3,0.01,keywords,crew,2.674018383026123,2.285839319229126
GAT,"(32, 16)",0.3,0.01,keywords,crew,2.738227367401123,2.6873350143432617
GAT,"(32, 16)",0.3,0.01,keywords,crew,2.576456308364868,2.701214075088501
GAT,"(32, 16)",0.3,0.01,keywords,crew,2.8358001708984375,2.6667470932006836
GAT,"(32, 16)",0.3,0.01,keywords,crew,2.830324649810791,2.486234188079834
GAT,"(32, 16)",0.3,0.01,keywords,crew,2.977231740951538,2.4171385765075684
GAT,"(32, 16)",0.3,0.01,keywords,crew,2.542104482650757,2.424635648727417
GAT,"(32, 16)",0.3,0.01,keywords,crew,2.6174135208129883,2.4114997386932373
GAT,"(32, 16)",0.3,0.01,keywords,crew,2.5800940990448,2.3473360538482666
GAT,"(32, 16)",0.3,0.01,keywords,crew,2.891364574432373,2.3282949924468994
GAT,"(32, 16)",0.3,0.01,keywords,crew,2.718552827835083,2.5334951877593994
GAT,"(32, 16)",0.3,0.01,keywords,crew,2.828362226486206,2.3829057216644287
GAT,"(32, 16)",0.3,0.01,keywords,crew,2.6401822566986084,2.3410191535949707
GAT,"(32, 16)",0.3,0.01,keywords,crew,2.7423386573791504,2.4536008834838867
GAT,"(32, 16)",0.3,0.01,keywords,crew,2.4789462089538574,2.620567798614502
GAT,"(32, 16)",0.3,0.01,keywords,crew,2.4095404148101807,2.3168015480041504
GAT,"(32, 16)",0.3,0.01,keywords,crew,2.854611396789551,2.5424795150756836
GAT,"(32, 16)",0.3,0.01,keywords,crew,2.5461795330047607,2.5907156467437744
GAT,"(32, 16)",0.3,0.01,keywords,crew,2.653296947479248,2.580030679702759
GAT,"(32, 16)",0.3,0.01,keywords,crew,2.686720609664917,2.4143989086151123
GAT,"(32, 16)",0.3,0.01,keywords,crew,2.5582282543182373,2.170778751373291
GAT,"(32, 16)",0.3,0.01,keywords,crew,2.646435499191284,2.20818829536438
GAT,"(32, 16)",0.3,0.01,keywords,crew,2.4416255950927734,2.1406753063201904
GAT,"(32, 16)",0.3,0.01,keywords,crew,2.4562909603118896,2.132476806640625
GAT,"(32, 16)",0.3,0.01,keywords,crew,2.592233419418335,2.019317626953125
GAT,"(32, 16)",0.3,0.01,keywords,crew,2.6478776931762695,2.374932050704956
GAT,"(32, 16)",0.3,0.01,keywords,crew,2.775132417678833,2.532344341278076
GAT,"(32, 16)",0.3,0.01,keywords,crew,2.6568820476531982,2.558297872543335
GAT,"(32, 16)",0.3,0.01,keywords,crew,2.5629100799560547,2.4244353771209717
GAT,"(32, 16)",0.3,0.01,keywords,crew,2.8311126232147217,2.305246353149414
GAT,"(32, 16)",0.3,0.01,keywords,crew,2.513197660446167,2.5672621726989746
GAT,"(32, 16)",0.3,0.01,keywords,crew,2.7541842460632324,2.4549331665039062
GAT,"(32, 16)",0.3,0.01,keywords,crew,2.5336740016937256,2.448396682739258
GAT,"(32, 16)",0.3,0.01,keywords,crew,2.6358180046081543,2.280764579772949
GAT,"(32, 16)",0.3,0.01,keywords,crew,2.556737184524536,2.488274097442627
GAT,"(32, 16)",0.3,0.01,keywords,crew,2.6684277057647705,2.4737353324890137
GAT,"(32, 16)",0.3,0.01,keywords,crew,2.4760525226593018,2.181342840194702
GAT,"(32, 16)",0.3,0.01,keywords,crew,2.420293092727661,1.9753690958023071
GAT,"(32, 16)",0.3,0.01,keywords,crew,2.4758589267730713,2.253836154937744
GAT,"(32, 16)",0.3,0.01,keywords,crew,2.7296979427337646,2.2345387935638428
GAT,"(32, 16)",0.3,0.01,keywords,crew,2.774587869644165,2.4765796661376953
GAT,"(32, 16)",0.3,0.01,keywords,crew,2.80706524848938,2.35048770904541
GAT,"(32, 16)",0.3,0.01,keywords,crew,2.7312042713165283,2.604109525680542
GAT,"(32, 16)",0.3,0.01,keywords,crew,2.4628920555114746,2.2581090927124023
GAT,"(32, 16)",0.3,0.01,keywords,crew,2.5238239765167236,2.192845344543457
GAT,"(32, 16)",0.3,0.01,keywords,crew,2.7942798137664795,2.277350664138794
GAT,"(32, 16)",0.3,0.01,keywords,crew,2.499315023422241,2.231513738632202
GAT,"(32, 16)",0.3,0.01,keywords,crew,2.500436782836914,2.4072537422180176
GAT,"(32, 16)",0.3,0.01,keywords,crew,2.54229474067688,2.291902780532837
GAT,"(32, 16)",0.3,0.01,keywords,crew,2.6430602073669434,2.29583477973938
GAT,"(32, 16)",0.3,0.01,keywords,crew,2.6530814170837402,2.3887715339660645
GAT,"(32, 16)",0.3,0.01,keywords,crew,2.473446846008301,2.605011463165283
GAT,"(32, 16)",0.3,0.01,keywords,crew,2.580535888671875,2.400439977645874
GAT,"(32, 16)",0.3,0.01,keywords,crew,2.527641773223877,2.334885358810425
GAT,"(32, 16)",0.3,0.01,keywords,crew,2.610194683074951,2.2901766300201416
GAT,"(32, 16)",0.3,0.01,keywords,crew,2.486696481704712,2.4005117416381836
GAT,"(32, 16)",0.3,0.01,keywords,crew,2.5892622470855713,2.3453471660614014
GAT,"(32, 16)",0.3,0.01,keywords,crew,2.6673264503479004,2.172520637512207
GAT,"(32, 16)",0.3,0.01,keywords,crew,2.3874242305755615,2.5855798721313477
GAT,"(32, 16)",0.3,0.01,keywords,crew,2.422492027282715,2.4547677040100098
GAT,"(32, 16)",0.3,0.01,keywords,crew,2.510369300842285,2.019818067550659
GAT,"(32, 16)",0.3,0.01,keywords,crew,2.5292749404907227,2.2945375442504883
GAT,"(32, 16)",0.3,0.01,keywords,crew,2.5339748859405518,2.3215205669403076
GAT,"(32, 16)",0.3,0.01,keywords,crew,2.619915246963501,2.4508168697357178
GAT,"(32, 16)",0.3,0.01,keywords,crew,2.4388225078582764,2.3409438133239746
GAT,"(32, 16)",0.3,0.01,keywords,crew,2.4825632572174072,2.1325371265411377
GAT,"(32, 16)",0.3,0.01,keywords,crew,2.577413320541382,2.6051387786865234
GAT,"(32, 16)",0.3,0.01,keywords,crew,2.4896512031555176,2.203172445297241
GAT,"(32, 16)",0.3,0.01,keywords,crew,2.486220121383667,2.4360756874084473
GAT,"(32, 16)",0.3,0.01,keywords,crew,2.5182418823242188,2.240102767944336
GAT,"(32, 16)",0.3,0.01,keywords,crew,2.311105251312256,2.3603434562683105
GAT,"(32, 16)",0.3,0.01,keywords,crew,2.4249684810638428,2.2538485527038574
GAT,"(32, 16)",0.3,0.01,keywords,crew,2.8167219161987305,2.337268590927124
GAT,"(32, 16)",0.3,0.01,keywords,crew,2.624117136001587,2.256889581680298
GAT,"(32, 16)",0.3,0.01,keywords,crew,2.6933422088623047,2.3844618797302246
GAT,"(32, 16)",0.3,0.01,keywords,crew,2.5312955379486084,2.258141040802002
